{
    "id": "SDSSJ223843.83+010820.6-RaiObj",
    "F0352_uJAVA": 18.109975814819336,
    "F0378": 18.098459243774414,
    "F0395": 18.07859230041504,
    "F0410": 18.1223201751709,
    "F0430": 18.146596908569336,
    "F0475_gSDSS": 18.170549392700195,
    "F0515": 18.224212646484375,
    "F0626_rSDSS": 18.173351287841797,
    "F0660": 17.975744247436523,
    "F0769_iSDSS": 18.192089080810547,
    "F0861": 18.18258285522461,
    "F0883_zSDSS": 18.212797164916992,
    "Z": -0.0002874961937777698
}