{
    "id": "SDSSJ233325.92+152222.2-RaiObj",
    "F0352_uJAVA": 18.319978713989258,
    "F0378": 18.290210723876953,
    "F0395": 18.354446411132812,
    "F0410": 18.550458908081055,
    "F0430": 18.56215476989746,
    "F0475_gSDSS": 18.651161193847656,
    "F0515": 18.763385772705078,
    "F0626_rSDSS": 18.568830490112305,
    "F0660": 18.113079071044922,
    "F0769_iSDSS": 18.517711639404297,
    "F0861": 18.439023971557617,
    "F0883_zSDSS": 18.48311996459961,
    "Z": 8.336341852555051e-05
}